{
  "mean": 23.09461864030361,
  "std": 6.444266527063013,
  "p95": 32.37017936706543,
  "p99": 41.63450370788576,
  "max": 126.85848999023438
}